,COUNTY,INDEXYEAR,LOCATION,POPULATION,TOTAL,RATE,PRSNTOTAL,PRSNRATE,MURDER,MANSLAUGHTER,FORCIBLE_SEX,ASSAULT,NON_FORCIBLE_SEX,KIDNAPPING_ABDUCTION,HUMAN_TRAFFICKING,VIOL_OF_NO_CONTACT,PRPRTYTOTAL,PRPRTYRATE,ARSON,BRIBERY,BURGLARY,COUNTERFEITING_FORGERY,DESTRUCTION_OF_PROPERTY,EXTORTION_BLACKMAIL,ROBBERY,THEFT,SCTYTOTAL,SCTYRATE,DRUG_VIOLATIONS,GAMBLING_VIOLATIONS,PORNOGRAPHY,PROSTITUTION,WEAPON_LAW_VIOLATION,ANIMAL_CRUELTY
9,ADAMS,2012,COUNTY TOTAL,19050.0,1915,100.5,346,18.2,0.0,0,19,252,1,3,0,71,1417,74.4,10,0,182,12,516,0,8,689,152,8.0,90,0,0,1,61,0
10,ADAMS,2013,COUNTY TOTAL,19200.0,1971,102.7,376,19.6,3.0,0,26,281,2,6,0,58,1472,76.7,7,0,199,25,551,1,8,681,123,6.4,67,0,0,2,54,0
11,ADAMS,2014,COUNTY TOTAL,19400.0,1960,101.0,434,22.4,1.0,0,19,314,1,3,0,96,1402,72.3,10,0,190,28,523,1,8,642,124,6.4,88,0,1,0,35,0
12,ADAMS,2015,COUNTY TOTAL,19410.0,1607,82.8,352,18.1,0.0,0,26,256,3,6,0,61,1128,58.1,8,0,189,17,326,0,11,577,127,6.5,93,0,0,0,34,0
13,ADAMS,2016,COUNTY TOTAL,19510.0,1398,71.7,373,19.1,1.0,0,18,280,2,2,0,70,876,44.9,1,0,144,6,255,0,8,462,149,7.6,116,0,1,1,31,0
14,ADAMS,2017,COUNTY TOTAL,19870.0,1323,66.6,334,16.8,1.0,0,29,226,4,2,0,72,819,41.2,5,0,128,11,300,0,4,371,170,8.6,139,0,1,0,30,0
15,ADAMS,2018,COUNTY TOTAL,20020.0,1217,60.8,335,16.7,0.0,0,23,248,1,2,0,61,751,37.5,1,0,124,15,260,0,2,349,131,6.5,96,0,2,0,33,0
16,ADAMS,2019,COUNTY TOTAL,20150.0,1034,51.3,287,14.2,0.0,0,20,225,0,1,0,41,577,28.6,4,0,89,10,182,0,1,291,170,8.4,145,0,2,0,23,0
17,ADAMS,2020,COUNTY TOTAL,20457.0,1091,53.3,253,12.4,1.0,0,23,193,0,1,0,35,744,36.4,3,0,95,4,296,0,3,343,94,4.6,76,0,0,0,18,0
54,ASOTIN,2012,COUNTY TOTAL,21700.0,1437,66.2,286,13.2,0.0,1,8,264,1,0,0,12,974,44.9,1,0,91,7,213,0,6,656,177,8.2,152,0,0,0,25,0
55,ASOTIN,2013,COUNTY TOTAL,21800.0,1491,68.4,278,12.8,0.0,0,5,267,1,5,0,0,1082,49.6,1,0,130,6,261,0,12,672,131,6.0,97,0,1,0,33,0
56,ASOTIN,2014,COUNTY TOTAL,21950.0,1309,59.6,273,12.4,1.0,0,10,262,0,0,0,0,958,43.6,4,1,134,9,246,0,5,559,78,3.6,65,0,0,1,12,0
57,ASOTIN,2015,COUNTY TOTAL,22010.0,1442,65.5,290,13.2,2.0,0,14,273,0,1,0,0,1081,49.1,4,0,86,4,276,0,11,700,71,3.2,55,0,2,0,14,0
58,ASOTIN,2016,COUNTY TOTAL,22150.0,1439,65.0,306,13.8,1.0,0,16,284,4,1,0,0,1081,48.8,2,0,114,7,252,0,2,704,52,2.3,39,0,1,0,12,0
59,ASOTIN,2017,COUNTY TOTAL,22290.0,1021,45.8,221,9.9,0.0,0,12,205,2,2,0,0,683,30.6,0,0,86,1,161,0,7,428,117,5.2,87,0,3,0,27,0
60,ASOTIN,2018,COUNTY TOTAL,22420.0,1134,50.6,284,12.7,0.0,1,12,230,1,2,0,38,722,32.2,2,0,100,4,184,0,6,426,128,5.7,101,0,6,0,21,0
61,ASOTIN,2019,COUNTY TOTAL,22520.0,1324,58.8,367,16.3,1.0,0,16,282,3,1,0,64,854,37.9,0,0,101,8,212,0,4,529,103,4.6,76,0,2,0,24,1
62,ASOTIN,2020,COUNTY TOTAL,22640.0,884,39.0,256,11.3,0.0,0,13,183,0,0,0,60,557,24.6,0,0,92,3,150,1,2,309,71,3.1,50,0,2,0,19,0
81,BENTON,2012,COUNTY TOTAL,174226.0,11993,68.8,2742,15.7,1.0,3,207,2006,10,33,0,482,7507,43.1,34,0,851,112,2055,2,56,4397,1744,10.0,1529,0,18,3,194,0
82,BENTON,2013,COUNTY TOTAL,183400.0,11160,60.9,2765,15.1,7.0,2,179,2108,11,26,0,432,7320,39.9,27,2,839,127,1870,4,60,4391,1075,5.9,871,0,16,6,182,0
83,BENTON,2014,COUNTY TOTAL,186500.0,10964,58.8,2760,14.8,8.0,0,192,1970,7,31,0,552,7125,38.2,27,0,906,100,1585,2,59,4446,1079,5.8,844,0,23,11,201,0
84,BENTON,2015,COUNTY TOTAL,188683.0,10738,56.9,2815,14.9,3.0,0,201,1995,6,49,2,559,6872,36.4,38,0,750,111,1621,9,37,4306,1051,5.6,855,0,26,13,157,0
85,BENTON,2016,COUNTY TOTAL,190500.0,10870,57.1,2623,13.8,3.0,1,187,1850,15,34,2,531,7162,37.6,45,0,702,129,1687,6,54,4539,1085,5.7,877,1,26,13,168,0
86,BENTON,2017,COUNTY TOTAL,193509.0,11443,59.1,2919,15.1,1.0,0,240,2022,9,53,2,592,7260,37.5,33,0,733,103,1766,12,79,4534,1264,6.5,957,0,39,20,233,15
87,BENTON,2018,COUNTY TOTAL,197420.0,11864,60.1,3042,15.4,6.0,0,254,2141,6,35,7,593,7371,37.3,34,1,662,135,1735,15,61,4728,1451,7.3,1155,0,47,8,219,22
88,BENTON,2019,COUNTY TOTAL,201807.0,12428,61.6,3215,15.9,6.0,0,250,2344,9,39,2,565,7699,38.2,31,1,742,148,1771,13,67,4926,1514,7.5,1215,0,39,12,221,27
89,BENTON,2020,COUNTY TOTAL,205700.0,14456,70.3,3222,15.7,5.0,4,254,2224,5,52,0,678,10045,48.8,31,1,1097,124,2053,24,75,6640,1189,5.8,873,0,58,9,219,30
125,CHELAN,2012,COUNTY TOTAL,40800.0,1349,33.1,355,8.7,1.0,0,10,269,1,3,0,71,872,21.4,0,0,179,10,201,0,6,476,122,3.0,104,0,0,0,18,0
126,CHELAN,2013,COUNTY TOTAL,73600.0,3638,49.4,894,12.1,1.0,0,46,625,4,1,0,217,2408,32.7,9,0,297,75,415,1,14,1597,336,4.6,276,0,2,1,57,0
127,CHELAN,2014,COUNTY TOTAL,74308.0,3233,43.5,800,10.8,0.0,0,46,557,4,5,0,188,2014,27.1,5,1,350,43,244,2,16,1353,419,5.6,368,0,2,1,48,0
128,CHELAN,2015,COUNTY TOTAL,75030.0,3616,48.2,889,11.8,0.0,0,42,638,3,1,0,205,2289,30.5,6,1,372,60,291,1,8,1550,438,5.8,389,0,1,0,48,0
129,CHELAN,2016,COUNTY TOTAL,75986.0,3756,49.4,913,12.0,0.0,1,39,645,8,19,1,200,2338,30.8,7,0,364,39,267,1,15,1645,505,6.6,426,0,4,9,66,0
130,CHELAN,2017,COUNTY TOTAL,76837.0,3221,41.9,819,10.7,2.0,0,42,592,11,20,1,151,1922,25.0,8,0,298,75,250,2,20,1269,480,6.2,407,0,0,15,54,4
131,CHELAN,2018,COUNTY TOTAL,77800.0,3373,43.4,942,12.1,0.0,0,51,686,6,29,0,170,1931,24.8,6,0,240,70,254,3,18,1340,500,6.4,431,0,5,0,63,1
132,CHELAN,2019,COUNTY TOTAL,78463.0,3051,38.9,857,10.9,1.0,0,38,600,4,11,0,203,1605,20.5,1,0,175,45,268,2,11,1103,589,7.5,537,0,2,1,47,2
133,CHELAN,2020,COUNTY TOTAL,79665.0,3021,37.9,792,9.9,2.0,0,34,538,7,18,0,193,1823,22.9,4,0,170,40,320,0,9,1280,406,5.1,345,0,2,1,57,1
151,CLALLAM,2012,COUNTY TOTAL,72000.0,5237,72.7,1241,17.2,5.0,1,80,915,13,23,0,204,3552,49.3,7,1,642,126,788,3,25,1960,444,6.2,373,0,4,2,65,0
152,CLALLAM,2013,COUNTY TOTAL,72350.0,5081,70.2,1245,17.2,1.0,0,66,870,8,22,0,278,3431,47.4,6,0,575,87,721,2,24,2016,405,5.6,319,0,8,1,77,0
153,CLALLAM,2014,COUNTY TOTAL,72500.0,4673,64.5,1195,16.5,3.0,0,52,880,6,13,0,241,3102,42.8,11,0,521,89,602,0,27,1852,376,5.2,319,0,4,0,53,0
154,CLALLAM,2015,COUNTY TOTAL,72652.0,4923,67.8,1227,16.9,0.0,0,73,886,7,15,0,246,3392,46.7,10,0,532,93,669,1,17,2070,304,4.2,240,0,9,0,55,0
155,CLALLAM,2016,COUNTY TOTAL,73410.0,4359,59.4,1206,16.4,3.0,0,78,881,6,21,0,217,2820,38.4,11,0,445,92,564,1,11,1696,333,4.5,257,0,14,0,62,0
156,CLALLAM,2017,COUNTY TOTAL,74240.0,4159,56.0,1097,14.8,3.0,0,97,782,6,12,0,197,2694,36.3,8,0,358,74,582,1,22,1649,368,5.0,310,0,7,1,50,0
157,CLALLAM,2018,COUNTY TOTAL,75130.0,4288,57.1,1186,15.8,3.0,0,92,875,5,15,0,196,2744,36.5,4,0,399,69,622,2,20,1628,358,4.8,291,0,11,0,56,0
158,CLALLAM,2019,COUNTY TOTAL,76010.0,4107,54.0,1227,16.1,6.0,0,81,891,8,17,0,224,2530,33.3,9,0,325,81,580,1,19,1515,350,4.6,278,0,14,5,53,0
159,CLALLAM,2020,COUNTY TOTAL,76770.0,3698,48.2,1052,13.7,2.0,1,74,761,4,16,0,194,2396,31.2,15,1,270,60,618,0,17,1415,250,3.3,198,0,5,1,46,0
205,CLARK,2012,COUNTY TOTAL,431169.0,22287,51.7,5130,11.9,7.0,0,265,4200,15,38,0,605,15708,36.4,100,0,2462,504,2594,3,231,9814,1449,3.4,1276,0,14,16,143,0
206,CLARK,2013,COUNTY TOTAL,435999.0,19582,44.9,4589,10.5,3.0,1,211,3762,21,24,0,567,13902,31.9,78,0,2129,302,2219,5,197,8972,1091,2.5,938,0,11,3,139,0
207,CLARK,2014,COUNTY TOTAL,442720.0,18421,41.6,4588,10.4,7.0,1,235,3768,10,40,0,527,12745,28.8,96,0,1806,172,2227,4,208,8232,1088,2.5,943,0,17,3,125,0
208,CLARK,2015,COUNTY TOTAL,451738.0,20878,46.2,4612,10.2,6.0,0,294,3662,9,91,0,550,15074,33.4,120,1,1878,243,2550,5,189,10088,1192,2.6,1010,0,4,7,171,0
209,CLARK,2016,COUNTY TOTAL,461324.0,20517,44.5,4648,10.1,7.0,1,330,3594,6,102,0,608,14697,31.9,82,0,1739,327,2753,0,196,9600,1172,2.5,1006,0,0,6,160,0
210,CLARK,2017,COUNTY TOTAL,476474.0,19323,40.6,4751,10.0,12.0,0,420,3582,10,87,0,640,13524,28.4,80,0,1331,277,2756,5,176,8899,1048,2.2,867,0,0,4,172,5
211,CLARK,2018,COUNTY TOTAL,479421.0,19959,41.6,5491,11.5,8.0,0,391,4219,5,124,1,743,13636,28.4,79,1,1350,279,2629,6,212,9080,832,1.7,703,0,6,2,119,2
212,CLARK,2019,COUNTY TOTAL,488410.0,21917,44.9,5730,11.7,8.0,2,461,4313,7,137,0,802,15009,30.7,54,0,1544,364,2945,5,228,9869,1178,2.4,929,0,0,5,235,9
213,CLARK,2020,COUNTY TOTAL,499102.0,26260,52.6,6653,13.3,10.0,3,421,5246,3,141,3,826,18592,37.3,90,3,1798,270,3705,11,221,12494,1015,2.0,753,1,1,5,245,10
277,COLUMBIA,2012,COUNTY TOTAL,4100.0,262,63.9,39,9.5,1.0,0,4,33,0,1,0,0,221,53.9,0,0,47,0,54,0,0,120,2,0.5,1,0,0,0,1,0
278,COLUMBIA,2013,COUNTY TOTAL,4100.0,295,72.0,46,11.2,0.0,0,2,39,0,0,0,5,249,60.7,1,0,51,0,31,0,0,166,0,0.0,0,0,0,0,0,0
279,COLUMBIA,2014,COUNTY TOTAL,4080.0,127,31.1,0,0.0,0.0,0,0,0,0,0,0,0,127,31.1,0,0,38,0,0,0,0,89,0,0.0,0,0,0,0,0,0
280,COLUMBIA,2015,COUNTY TOTAL,4090.0,83,20.3,2,0.5,0.0,0,0,2,0,0,0,0,80,19.6,1,0,28,0,0,0,0,51,1,0.2,1,0,0,0,0,0
281,COLUMBIA,2016,COUNTY TOTAL,4050.0,211,52.1,25,6.2,0.0,0,5,16,0,0,0,4,183,45.2,1,0,20,0,46,0,0,116,3,0.7,3,0,0,0,0,0
282,COLUMBIA,2017,COUNTY TOTAL,4100.0,179,43.7,80,19.5,0.0,0,3,69,0,0,0,8,96,23.4,1,0,21,1,21,0,1,51,3,0.7,0,0,0,0,3,0
283,COLUMBIA,2018,COUNTY TOTAL,4150.0,142,34.2,51,12.3,0.0,0,1,43,0,0,0,7,87,21.0,0,0,25,1,17,0,0,44,4,1.0,2,0,0,0,2,0
284,COLUMBIA,2019,COUNTY TOTAL,4160.0,214,51.4,93,22.4,0.0,0,2,70,0,0,0,21,118,28.4,1,0,23,0,29,0,0,65,3,0.7,1,0,0,0,2,0
285,COLUMBIA,2020,COUNTY TOTAL,4185.0,153,36.6,60,14.3,0.0,0,0,45,0,0,0,15,91,21.7,0,0,31,0,18,0,0,42,2,0.5,2,0,0,0,0,0
295,COWLITZ,2012,COUNTY TOTAL,103135.0,8367,81.1,1905,18.5,4.0,0,114,1512,4,13,0,258,5611,54.4,51,0,853,106,1152,3,66,3380,851,8.3,739,0,8,4,100,0
296,COWLITZ,2013,COUNTY TOTAL,103385.0,8876,85.9,1927,18.6,1.0,0,119,1507,3,15,0,282,6059,58.6,21,1,898,105,1355,5,61,3613,890,8.6,711,0,10,5,164,0
297,COWLITZ,2014,COUNTY TOTAL,103795.0,7914,76.2,1702,16.4,0.0,0,93,1334,0,11,0,264,5350,51.5,22,0,811,63,1004,3,34,3413,862,8.3,751,0,5,4,102,0
298,COWLITZ,2015,COUNTY TOTAL,104365.0,7457,71.5,1773,17.0,2.0,0,102,1329,4,21,0,315,4841,46.4,29,0,647,91,944,1,54,3075,843,8.1,719,0,17,2,105,0
299,COWLITZ,2016,COUNTY TOTAL,104935.0,7616,72.6,1670,15.9,2.0,0,101,1299,0,16,0,252,5005,47.7,33,0,719,84,889,3,58,3219,941,9.0,799,0,8,21,113,0
300,COWLITZ,2017,COUNTY TOTAL,105985.0,6538,61.7,1642,15.5,2.0,1,120,1253,2,13,0,251,4029,38.0,23,0,552,140,720,2,30,2562,867,8.2,758,0,7,8,94,0
301,COWLITZ,2018,COUNTY TOTAL,107408.0,6926,64.5,1802,16.8,2.0,0,116,1469,2,9,0,204,4063,37.8,26,0,495,90,719,4,39,2690,1061,9.9,918,0,12,0,131,0
302,COWLITZ,2019,COUNTY TOTAL,109045.0,6085,55.8,1700,15.6,5.0,0,105,1343,1,10,0,236,3442,31.6,19,1,360,100,665,6,30,2261,943,8.6,848,0,5,6,84,0
303,COWLITZ,2020,COUNTY TOTAL,110600.0,5951,53.8,1567,14.2,2.0,0,104,1159,1,9,1,291,3626,32.8,18,0,436,78,697,7,26,2364,758,6.9,634,0,9,3,112,0
358,DOUGLAS,2012,COUNTY TOTAL,38715.0,1750,45.2,346,8.9,1.0,0,25,231,9,0,0,80,1147,29.6,4,0,245,24,181,0,7,686,257,6.6,241,0,0,0,16,0
359,DOUGLAS,2013,COUNTY TOTAL,39095.0,1710,43.7,360,9.2,0.0,0,21,246,9,1,0,83,1205,30.8,0,0,197,29,194,0,8,777,145,3.7,115,0,2,0,28,0
360,DOUGLAS,2014,COUNTY TOTAL,39583.0,1597,40.3,339,8.6,0.0,1,14,221,3,0,0,100,1133,28.6,6,0,169,26,160,0,6,766,125,3.2,108,0,0,0,17,0
361,DOUGLAS,2015,COUNTY TOTAL,39805.0,1793,45.0,407,10.2,1.0,0,12,282,7,3,0,102,1194,30.0,5,0,173,20,256,0,4,736,192,4.8,150,0,1,0,41,0
362,DOUGLAS,2016,COUNTY TOTAL,40535.0,1795,44.3,380,9.4,1.0,0,22,243,6,3,0,105,1191,29.4,3,0,140,22,228,0,2,796,224,5.5,183,0,0,1,40,0
363,DOUGLAS,2017,COUNTY TOTAL,41235.0,1568,38.0,341,8.3,0.0,0,20,233,6,4,0,78,1081,26.2,0,0,120,44,186,0,5,726,146,3.5,108,0,3,1,33,1
364,DOUGLAS,2018,COUNTY TOTAL,41935.0,1605,38.3,331,7.9,3.0,0,22,230,4,4,0,68,1077,25.7,3,0,146,46,185,0,3,694,197,4.7,161,0,3,0,31,2
365,DOUGLAS,2019,COUNTY TOTAL,42748.0,1089,25.5,296,6.9,1.0,0,20,202,2,5,0,66,655,15.3,2,0,80,18,132,0,2,421,138,3.2,106,0,2,0,29,1
366,DOUGLAS,2020,COUNTY TOTAL,43565.0,1457,33.4,354,8.1,0.0,1,25,204,5,13,0,106,977,22.4,3,0,86,31,207,1,7,642,126,2.9,85,0,2,0,38,1
385,FERRY,2012,COUNTY TOTAL,7650.0,121,15.8,55,7.2,1.0,0,4,47,0,0,0,3,58,7.6,1,0,14,0,7,0,0,36,8,1.0,7,0,0,0,1,0
386,FERRY,2013,COUNTY TOTAL,7650.0,128,16.7,57,7.5,0.0,0,6,43,0,0,0,8,68,8.9,0,0,28,1,4,0,5,30,3,0.4,2,0,0,0,1,0
387,FERRY,2014,COUNTY TOTAL,7660.0,162,21.1,83,10.8,0.0,0,4,68,2,0,0,9,51,6.7,1,0,17,1,3,0,0,29,28,3.7,27,0,0,0,1,0
388,FERRY,2015,COUNTY TOTAL,7710.0,108,14.0,59,7.7,0.0,0,2,51,0,0,0,6,44,5.7,0,0,15,2,6,0,2,19,5,0.6,4,0,0,0,1,0
389,FERRY,2016,COUNTY TOTAL,6610.0,25,3.8,15,2.3,0.0,0,4,11,0,0,0,0,10,1.5,1,0,5,0,0,0,0,4,0,0.0,0,0,0,0,0,0
390,FERRY,2017,COUNTY TOTAL,6645.0,65,9.8,36,5.4,0.0,0,3,33,0,0,0,0,27,4.1,0,0,5,1,4,0,0,17,2,0.3,2,0,0,0,0,0
391,FERRY,2018,COUNTY TOTAL,6680.0,110,16.5,71,10.6,0.0,0,8,55,1,0,0,7,35,5.2,1,0,8,2,2,0,0,22,4,0.6,4,0,0,0,0,0
392,FERRY,2019,COUNTY TOTAL,7830.0,90,11.5,47,6.0,0.0,0,10,34,0,0,0,3,36,4.6,0,0,6,0,1,0,1,28,7,0.9,6,0,0,0,1,0
393,FERRY,2020,COUNTY TOTAL,7910.0,130,16.4,76,9.6,0.0,1,2,52,1,0,0,20,48,6.1,1,0,5,0,0,0,0,42,6,0.8,5,0,0,0,1,0
407,FRANKLIN,2012,COUNTY TOTAL,82500.0,5219,63.3,1308,15.9,1.0,0,132,892,3,30,0,250,3245,39.3,11,0,520,56,800,2,46,1810,666,8.1,546,0,5,9,106,0
408,FRANKLIN,2013,COUNTY TOTAL,84800.0,4879,57.5,1332,15.7,2.0,1,115,941,1,34,0,238,3131,36.9,23,0,446,51,809,7,31,1764,416,4.9,326,0,4,4,82,0
409,FRANKLIN,2014,COUNTY TOTAL,86600.0,4509,52.1,1287,14.9,5.0,0,109,918,5,29,0,221,2735,31.6,23,1,352,37,672,2,33,1615,487,5.6,399,1,4,5,78,0
410,FRANKLIN,2015,COUNTY TOTAL,88261.0,4672,52.9,1315,14.9,5.0,0,124,909,4,27,0,246,2819,31.9,37,0,370,49,715,2,40,1606,538,6.1,440,0,4,12,82,0
411,FRANKLIN,2016,COUNTY TOTAL,88678.0,4933,55.6,1207,13.6,2.0,0,113,853,11,6,0,222,3118,35.2,25,0,380,68,809,2,37,1797,608,6.9,503,0,8,8,89,0
412,FRANKLIN,2017,COUNTY TOTAL,90330.0,4964,55.0,1406,15.6,1.0,0,99,996,8,20,0,282,2908,32.2,22,1,310,55,743,12,45,1720,650,7.2,529,0,11,9,95,6
413,FRANKLIN,2018,COUNTY TOTAL,92545.0,4842,52.3,1510,16.3,5.0,0,141,1085,2,15,1,261,2662,28.8,19,0,284,66,692,6,39,1556,670,7.2,531,0,17,9,109,4
414,FRANKLIN,2019,COUNTY TOTAL,94680.0,4977,52.6,1389,14.7,2.0,2,136,945,5,29,0,270,2864,30.2,16,0,254,55,766,4,46,1723,724,7.6,585,0,13,3,118,5
415,FRANKLIN,2020,COUNTY TOTAL,96760.0,4937,51.0,1225,12.7,4.0,0,113,809,4,27,0,268,3170,32.8,30,0,289,45,733,12,63,1998,542,5.6,441,0,15,1,79,6
443,GARFIELD,2012,COUNTY TOTAL,2250.0,145,64.4,37,16.4,0.0,0,4,21,0,0,0,12,76,33.8,1,0,16,0,17,0,0,42,32,14.2,23,0,1,1,7,0
444,GARFIELD,2013,COUNTY TOTAL,2250.0,164,72.9,67,29.8,0.0,0,2,54,0,0,0,11,72,32.0,0,0,7,1,15,0,0,49,25,11.1,17,0,0,0,8,0
445,GARFIELD,2014,COUNTY TOTAL,2240.0,124,55.4,47,21.0,0.0,0,2,43,0,0,0,2,58,25.9,0,0,9,3,16,0,0,30,19,8.5,13,0,0,0,6,0
446,GARFIELD,2015,COUNTY TOTAL,2260.0,183,81.0,82,36.3,0.0,0,12,50,2,0,0,18,72,31.9,1,0,9,1,21,0,0,40,29,12.8,18,0,0,0,11,0
447,GARFIELD,2016,COUNTY TOTAL,2200.0,167,75.9,53,24.1,0.0,0,8,33,0,1,0,11,88,40.0,1,0,31,0,22,0,0,34,26,11.8,19,0,0,0,7,0
448,GARFIELD,2017,COUNTY TOTAL,2200.0,126,57.3,61,27.7,0.0,0,6,41,0,0,0,14,45,20.5,1,0,16,0,8,0,0,20,20,9.1,12,0,0,0,7,1
449,GARFIELD,2018,COUNTY TOTAL,2210.0,157,71.0,60,27.1,0.0,0,7,42,0,0,0,11,62,28.1,0,0,9,0,9,0,0,44,35,15.8,26,0,0,0,9,0
450,GARFIELD,2019,COUNTY TOTAL,2220.0,63,28.4,25,11.3,0.0,0,3,17,0,0,0,5,20,9.0,1,0,2,0,5,0,0,12,18,8.1,13,0,0,0,5,0
451,GARFIELD,2020,COUNTY TOTAL,2225.0,90,40.4,43,19.3,0.0,0,2,40,0,0,0,1,30,13.5,0,0,4,0,10,0,0,16,17,7.6,9,0,0,0,8,0
461,GRANT,2012,COUNTY TOTAL,85945.0,7418,86.3,1531,17.8,5.0,0,93,1174,6,22,0,231,5288,61.5,24,1,910,59,1221,2,49,3022,599,7.0,513,0,3,0,83,0
462,GRANT,2013,COUNTY TOTAL,90289.0,7515,83.2,1470,16.3,2.0,0,82,1151,3,21,0,211,5615,62.2,20,0,1029,86,1114,4,44,3318,430,4.8,333,0,5,0,92,0
463,GRANT,2014,COUNTY TOTAL,91371.0,7216,79.0,1564,17.1,3.0,0,66,1247,10,37,0,201,5130,56.1,25,0,880,82,1059,0,42,3042,522,5.7,439,0,4,0,79,0
464,GRANT,2015,COUNTY TOTAL,93930.0,7234,77.0,1476,15.7,4.0,0,67,1149,6,26,0,224,5271,56.1,26,1,938,54,1097,2,45,3108,487,5.2,420,0,1,1,65,0
465,GRANT,2016,COUNTY TOTAL,94610.0,7155,75.6,1524,16.1,3.0,1,53,1202,5,31,0,229,5062,53.5,12,0,935,70,962,1,33,3049,569,6.0,486,0,4,1,78,0
466,GRANT,2017,COUNTY TOTAL,95630.0,6166,64.5,1444,15.1,4.0,0,56,1148,5,26,0,205,4168,43.6,6,0,660,62,762,2,40,2636,554,5.8,458,0,6,2,88,0
467,GRANT,2018,COUNTY TOTAL,92450.0,5694,61.6,1203,13.0,0.0,0,73,920,6,28,0,176,4046,43.8,10,0,684,90,731,0,24,2507,445,4.8,365,0,8,0,65,7
468,GRANT,2019,COUNTY TOTAL,98740.0,4879,49.4,1183,12.0,0.0,0,80,918,3,33,0,149,3241,32.8,22,1,614,39,490,3,27,2045,455,4.6,350,0,4,1,92,8
469,GRANT,2020,COUNTY TOTAL,100130.0,5511,55.0,1244,12.4,4.0,0,61,924,2,27,0,226,3846,38.4,11,1,575,49,627,3,32,2548,421,4.2,330,0,2,0,79,10
556,GRAYS HARBOR,2012,COUNTY TOTAL,58750.0,3589,61.1,806,13.7,2.0,0,91,535,4,6,0,168,2164,36.8,8,0,436,43,314,0,28,1335,619,10.5,527,0,5,23,64,0
557,GRAYS HARBOR,2013,COUNTY TOTAL,73200.0,4728,64.6,1139,15.6,1.0,0,129,739,2,6,0,262,3046,41.6,9,1,670,21,484,1,21,1839,543,7.4,478,0,6,1,58,0
558,GRAYS HARBOR,2014,COUNTY TOTAL,71640.0,4534,63.3,1299,18.1,1.0,0,136,895,3,9,0,255,2692,37.6,9,0,552,34,421,1,33,1642,543,7.6,442,0,5,9,87,0
559,GRAYS HARBOR,2015,COUNTY TOTAL,71430.0,4939,69.1,1496,20.9,1.0,0,122,1020,0,8,0,345,2800,39.2,6,1,604,29,492,0,38,1630,643,9.0,514,0,5,5,119,0
560,GRAYS HARBOR,2016,COUNTY TOTAL,71135.0,4440,62.4,1421,20.0,3.0,0,157,917,0,6,0,338,2483,34.9,16,0,418,39,457,2,24,1527,536,7.5,436,0,16,1,83,0
561,GRAYS HARBOR,2017,COUNTY TOTAL,71481.0,4868,68.1,1464,20.5,3.0,0,153,989,6,4,0,309,2811,39.3,12,0,555,47,536,0,35,1626,593,8.3,480,0,14,2,86,11
562,GRAYS HARBOR,2018,COUNTY TOTAL,71850.0,4616,64.2,1437,20.0,1.0,0,118,982,2,9,0,325,2546,35.4,10,0,457,35,427,1,22,1594,633,8.8,524,0,15,0,80,14
563,GRAYS HARBOR,2019,COUNTY TOTAL,72373.0,4012,55.4,1298,17.9,2.0,0,127,878,1,9,0,281,1950,26.9,11,0,299,42,406,2,17,1173,764,10.6,663,0,13,0,83,5
564,GRAYS HARBOR,2020,COUNTY TOTAL,72905.0,4273,58.6,1338,18.4,2.0,0,104,929,1,7,0,295,2202,30.2,14,1,318,47,448,2,13,1359,733,10.1,588,0,13,17,112,3
637,ISLAND,2012,COUNTY TOTAL,79351.0,3246,40.9,698,8.8,1.0,0,41,544,2,5,0,105,2332,29.4,9,0,493,21,559,0,4,1246,216,2.7,177,0,2,1,36,0
638,ISLAND,2013,COUNTY TOTAL,79700.0,2831,35.5,633,7.9,0.0,0,20,474,2,6,0,131,2084,26.1,4,0,431,32,476,1,8,1132,114,1.4,79,0,2,2,31,0
639,ISLAND,2014,COUNTY TOTAL,78925.0,2449,31.0,566,7.2,1.0,0,21,429,2,8,0,105,1778,22.5,3,0,366,14,433,0,9,953,105,1.3,56,0,6,0,43,0
640,ISLAND,2015,COUNTY TOTAL,79500.0,1921,24.2,487,6.1,1.0,0,23,371,0,6,0,86,1342,16.9,3,0,262,22,296,2,11,746,92,1.2,37,0,4,0,51,0
641,ISLAND,2016,COUNTY TOTAL,81775.0,2050,25.1,559,6.8,1.0,0,24,408,4,4,0,118,1378,16.9,3,0,268,22,326,0,4,755,113,1.4,75,0,1,0,37,0
642,ISLAND,2017,COUNTY TOTAL,79722.0,1501,18.8,413,5.2,0.0,0,10,311,0,9,0,83,996,12.5,3,0,200,15,202,0,5,571,92,1.2,63,0,1,0,28,0
643,ISLAND,2018,COUNTY TOTAL,80780.0,1764,21.8,551,6.8,0.0,0,20,363,0,12,0,156,1060,13.1,1,1,207,9,227,0,2,613,153,1.9,121,0,1,0,31,0
644,ISLAND,2019,COUNTY TOTAL,83625.0,1556,18.6,477,5.7,1.0,0,27,304,0,5,0,140,976,11.7,2,0,180,13,221,2,3,555,103,1.2,79,0,3,0,21,0
645,ISLAND,2020,COUNTY TOTAL,84335.0,1806,21.4,485,5.8,0.0,0,17,342,0,8,0,118,1247,14.8,1,0,187,10,260,4,2,783,74,0.9,36,0,5,0,33,0
671,JEFFERSON,2012,COUNTY TOTAL,30105.0,1594,52.9,415,13.8,0.0,0,25,319,5,2,0,64,1101,36.6,12,1,199,17,245,0,2,625,78,2.6,62,0,4,0,12,0
672,JEFFERSON,2013,COUNTY TOTAL,30275.0,1449,47.9,397,13.1,0.0,1,23,275,3,6,0,89,971,32.1,3,0,158,22,194,0,1,593,81,2.7,68,0,1,1,11,0
673,JEFFERSON,2014,COUNTY TOTAL,30700.0,1600,52.1,411,13.4,0.0,0,33,300,2,13,0,63,1112,36.2,5,0,251,13,211,0,5,627,77,2.5,62,0,2,0,13,0
674,JEFFERSON,2015,COUNTY TOTAL,30880.0,1240,40.2,337,10.9,1.0,0,15,249,1,4,0,67,833,27.0,4,0,184,7,178,1,4,455,70,2.3,59,0,2,0,9,0
675,JEFFERSON,2016,COUNTY TOTAL,31090.0,1180,38.0,320,10.3,1.0,0,18,249,1,3,0,48,774,24.9,3,0,135,13,161,0,2,460,86,2.8,71,0,1,0,14,0
676,JEFFERSON,2017,COUNTY TOTAL,31360.0,1002,32.0,283,9.0,0.0,0,13,216,0,3,0,51,606,19.3,1,0,97,18,150,0,8,332,113,3.6,101,0,0,0,12,0
677,JEFFERSON,2018,COUNTY TOTAL,31590.0,1234,39.1,313,9.9,3.0,1,12,222,1,3,0,71,748,23.7,8,0,136,16,152,2,3,431,173,5.5,152,0,2,0,19,0
678,JEFFERSON,2019,COUNTY TOTAL,31900.0,1291,40.5,343,10.8,0.0,1,14,248,4,7,0,69,766,24.0,7,0,142,17,174,0,4,422,182,5.7,161,0,2,0,19,0
679,JEFFERSON,2020,COUNTY TOTAL,32190.0,1408,43.7,268,8.3,1.0,1,6,194,1,6,0,59,936,29.1,2,0,222,20,200,0,7,485,204,6.3,182,0,0,0,21,1
745,KING,2012,COUNTY TOTAL,1072824.0,93104,86.8,16151,15.1,34.0,1,652,13567,44,130,0,1723,72061,67.2,134,0,9623,1037,12105,31,1829,47302,4892,4.6,3778,2,26,286,800,0
746,KING,2013,COUNTY TOTAL,1232997.0,108742,88.2,17484,14.2,34.0,2,675,14514,50,134,3,2072,86528,70.2,155,0,11212,1210,14064,23,2101,57763,4730,3.8,3511,0,54,266,899,0
747,KING,2014,COUNTY TOTAL,1388780.0,131988,95.0,20803,15.0,44.0,2,838,16991,62,195,6,2665,105971,76.3,185,0,12289,1344,15225,35,2251,74642,5214,3.8,3682,1,45,521,965,0
748,KING,2015,COUNTY TOTAL,1555296.0,136352,87.7,22666,14.6,45.0,0,902,18380,60,172,21,3086,107549,69.2,219,1,13708,1433,16910,69,2251,72958,6137,3.9,4248,2,45,480,1362,0
749,KING,2016,COUNTY TOTAL,1600355.0,141674,88.5,22788,14.2,49.0,0,1105,18357,69,168,14,3026,112429,70.3,234,3,13547,1423,17873,93,2420,76836,6457,4.0,4494,0,57,512,1394,0
750,KING,2017,COUNTY TOTAL,1643462.0,139436,84.8,23805,14.5,51.0,0,1146,19270,84,198,14,3042,108041,65.7,264,2,13023,1410,17238,122,2379,73603,7590,4.6,5181,5,66,645,1668,25
751,KING,2018,COUNTY TOTAL,2216832.0,149055,67.2,27951,12.6,56.0,3,1389,22605,74,248,27,3549,112904,50.9,286,2,13810,1515,16617,195,2808,77671,8200,3.7,5957,3,126,248,1826,40
752,KING,2019,COUNTY TOTAL,2253316.0,147200,65.3,28784,12.8,64.0,2,1468,23098,51,366,43,3692,110054,48.8,295,5,13179,1441,15480,183,2577,76894,8362,3.7,6042,1,169,396,1710,44
753,KING,2020,COUNTY TOTAL,2287885.0,175801,76.8,28328,12.4,119.0,9,1232,22617,66,294,42,3949,139619,61.0,478,3,17669,1197,20220,219,2638,97195,7854,3.4,5481,1,214,247,1844,67
998,KITSAP,2012,COUNTY TOTAL,255403.0,15913,62.3,2969,11.6,5.0,0,241,2683,24,16,0,0,11441,44.8,41,0,2044,307,1831,7,111,7100,1503,5.9,1335,0,1,19,148,0
999,KITSAP,2013,COUNTY TOTAL,254000.0,15049,59.2,3304,13.0,2.0,0,224,2518,18,12,0,530,10517,41.4,41,0,1884,362,1588,6,107,6529,1228,4.8,1049,0,1,23,155,0
1000,KITSAP,2014,COUNTY TOTAL,255900.0,14801,57.8,3411,13.3,7.0,0,245,2520,14,17,0,608,10260,40.1,35,1,1625,298,1438,8,82,6773,1130,4.4,967,0,0,41,122,0
1001,KITSAP,2015,COUNTY TOTAL,258200.0,14379,55.7,3557,13.8,7.0,1,196,2655,18,18,0,662,9813,38.0,29,0,1428,360,1449,8,96,6443,1009,3.9,835,0,0,43,131,0
1002,KITSAP,2016,COUNTY TOTAL,262590.0,14499,55.2,3689,14.0,1.0,0,204,2788,19,20,1,656,9744,37.1,28,1,1449,287,1387,15,93,6484,1066,4.1,897,0,17,27,125,0
1003,KITSAP,2017,COUNTY TOTAL,264365.0,14145,53.5,3986,15.1,10.0,0,210,3144,20,14,1,587,8982,34.0,18,1,1203,246,1428,16,69,6001,1177,4.5,943,0,14,51,154,15
1004,KITSAP,2018,COUNTY TOTAL,267120.0,13771,51.6,4461,16.7,6.0,0,282,3456,15,19,2,681,8126,30.4,41,0,1085,249,1408,31,82,5230,1184,4.4,954,0,17,14,190,9
1005,KITSAP,2019,COUNTY TOTAL,270100.0,13604,50.4,4326,16.0,4.0,0,256,3356,16,6,0,688,7915,29.3,10,0,1006,241,1363,22,83,5190,1363,5.0,1115,0,27,23,179,19
1006,KITSAP,2020,COUNTY TOTAL,272200.0,13590,49.9,3834,14.1,5.0,0,184,2987,15,13,0,630,8596,31.6,25,1,895,235,1324,28,58,6030,1160,4.3,944,0,19,6,177,14
1034,KITTITAS,2012,COUNTY TOTAL,41500.0,3082,74.3,524,12.6,0.0,0,31,381,3,1,0,108,2228,53.7,13,0,264,20,586,1,6,1338,330,8.0,303,0,2,0,25,0
1035,KITTITAS,2013,COUNTY TOTAL,41900.0,2847,67.9,520,12.4,1.0,0,22,384,1,2,0,110,2134,50.9,4,1,334,24,662,2,10,1097,193,4.6,158,0,2,0,33,0
1036,KITTITAS,2014,COUNTY TOTAL,42103.0,2582,61.3,525,12.5,1.0,0,23,360,10,0,0,131,1839,43.7,7,0,219,20,554,1,4,1034,218,5.2,174,0,6,1,37,0
1037,KITTITAS,2015,COUNTY TOTAL,42670.0,2411,56.5,498,11.7,0.0,0,33,343,5,0,0,117,1658,38.9,4,0,204,12,520,2,8,908,255,6.0,214,0,6,7,28,0
1038,KITTITAS,2016,COUNTY TOTAL,43710.0,2270,51.9,470,10.8,0.0,1,31,306,0,1,0,131,1540,35.2,3,0,156,23,402,2,7,947,260,5.9,213,0,11,0,36,0
1039,KITTITAS,2017,COUNTY TOTAL,44730.0,2351,52.6,456,10.2,1.0,0,29,321,1,1,0,103,1633,36.5,5,0,146,27,434,1,6,1014,262,5.9,227,0,8,0,27,0
1040,KITTITAS,2018,COUNTY TOTAL,45600.0,2331,51.1,485,10.6,1.0,1,35,303,6,0,0,139,1615,35.4,8,0,206,15,404,3,6,973,231,5.1,192,0,7,0,32,0
1041,KITTITAS,2019,COUNTY TOTAL,45040.0,2152,47.8,418,9.3,1.0,0,25,283,0,1,0,108,1522,33.8,3,0,152,29,346,0,6,986,212,4.7,182,0,9,1,20,0
1042,KITTITAS,2020,COUNTY TOTAL,46610.0,2545,54.6,474,10.2,5.0,0,35,342,1,2,0,89,1834,39.3,6,0,190,30,555,6,9,1038,237,5.1,180,0,5,2,47,3
1095,KLICKITAT,2012,COUNTY TOTAL,20605.0,720,34.9,188,9.1,0.0,0,12,126,0,0,0,50,486,23.6,0,0,91,13,130,0,1,251,46,2.2,33,0,0,0,13,0
1096,KLICKITAT,2013,COUNTY TOTAL,20700.0,709,34.3,207,10.0,1.0,0,6,143,0,0,0,57,466,22.5,0,0,107,15,106,0,4,234,36,1.7,22,0,0,0,14,0
1097,KLICKITAT,2014,COUNTY TOTAL,20935.0,605,28.9,173,8.3,0.0,0,10,136,1,0,0,26,411,19.6,2,0,81,12,107,0,2,207,21,1.0,17,0,0,0,4,0
1098,KLICKITAT,2015,COUNTY TOTAL,21000.0,790,37.6,202,9.6,0.0,0,13,158,0,1,0,30,548,26.1,7,0,120,5,128,0,2,286,40,1.9,25,0,0,0,15,0
1099,KLICKITAT,2016,COUNTY TOTAL,21270.0,592,27.8,221,10.4,2.0,0,16,159,1,0,0,43,337,15.8,0,0,66,2,73,0,2,194,34,1.6,22,0,1,0,11,0
1100,KLICKITAT,2017,COUNTY TOTAL,21660.0,539,24.9,142,6.6,0.0,0,7,116,0,2,0,17,352,16.3,0,0,71,1,96,0,4,180,45,2.1,36,0,0,0,9,0
1101,KLICKITAT,2018,COUNTY TOTAL,21980.0,485,22.1,161,7.3,1.0,0,18,107,0,1,0,34,253,11.5,0,0,52,0,65,0,1,135,71,3.2,28,0,1,0,42,0
1102,KLICKITAT,2019,COUNTY TOTAL,22458.0,535,23.8,135,6.0,1.0,0,6,98,0,1,0,29,370,16.5,1,0,102,2,97,0,1,167,30,1.3,20,0,0,0,10,0
1103,KLICKITAT,2020,COUNTY TOTAL,22770.0,490,21.5,107,4.7,0.0,0,12,69,0,0,0,26,365,16.0,0,0,80,2,96,0,1,186,18,0.8,10,0,0,0,8,0
1131,LEWIS,2012,COUNTY TOTAL,75557.0,4881,64.6,1178,15.6,3.0,0,84,851,10,4,0,226,2980,39.4,12,0,555,37,638,2,23,1713,723,9.6,665,0,7,1,50,0
1132,LEWIS,2013,COUNTY TOTAL,74850.0,4101,54.8,1127,15.1,1.0,0,66,814,6,17,0,223,2533,33.8,14,0,480,47,438,1,23,1530,441,5.9,394,0,3,1,43,0
1133,LEWIS,2014,COUNTY TOTAL,75029.0,4356,58.1,1097,14.6,1.0,0,83,777,4,19,0,213,2836,37.8,13,0,486,62,541,4,25,1705,423,5.6,376,0,7,1,39,0
1134,LEWIS,2015,COUNTY TOTAL,76020.0,4265,56.1,1034,13.6,1.0,0,70,729,5,6,0,223,2881,37.9,8,0,437,44,682,1,34,1675,350,4.6,323,0,5,1,21,0
1135,LEWIS,2016,COUNTY TOTAL,76254.0,4592,60.2,1005,13.2,1.0,0,59,721,7,8,0,209,3222,42.3,10,0,441,77,690,1,28,1975,365,4.8,315,0,16,0,34,0
1136,LEWIS,2017,COUNTY TOTAL,76795.0,4742,61.7,1054,13.7,0.0,1,75,768,7,6,0,197,3262,42.5,11,0,479,108,603,3,30,2028,426,5.5,375,0,12,0,39,0
1137,LEWIS,2018,COUNTY TOTAL,77741.0,4675,60.1,1232,15.8,2.0,1,80,877,8,21,0,243,2925,37.6,3,0,462,66,620,5,29,1740,518,6.7,465,0,9,1,43,0
1138,LEWIS,2019,COUNTY TOTAL,78825.0,4048,51.4,1135,14.4,3.0,0,75,806,4,16,0,231,2413,30.6,2,1,322,78,528,5,25,1452,500,6.3,457,0,12,0,31,0
1139,LEWIS,2020,COUNTY TOTAL,78850.0,3719,47.2,1083,13.7,3.0,3,64,710,6,9,0,288,2122,26.9,7,0,280,56,417,1,24,1337,514,6.5,475,0,12,1,26,0
1211,LINCOLN,2012,COUNTY TOTAL,10675.0,442,41.4,97,9.1,0.0,0,6,86,1,0,0,4,284,26.6,2,0,59,1,68,0,0,154,61,5.7,56,0,0,0,5,0
1212,LINCOLN,2013,COUNTY TOTAL,10675.0,334,31.3,72,6.7,0.0,0,8,61,0,1,0,2,218,20.4,1,0,52,0,50,0,0,115,44,4.1,36,0,0,0,8,0
1213,LINCOLN,2014,COUNTY TOTAL,10700.0,356,33.3,90,8.4,0.0,0,13,74,2,1,0,0,220,20.6,0,0,53,0,40,0,1,126,46,4.3,36,0,2,0,8,0
1214,LINCOLN,2015,COUNTY TOTAL,10720.0,361,33.7,93,8.7,0.0,0,7,82,0,1,0,3,221,20.6,1,1,39,0,41,0,2,137,47,4.4,36,0,0,0,11,0
1215,LINCOLN,2016,COUNTY TOTAL,10560.0,364,34.5,91,8.6,0.0,0,5,81,2,0,0,3,231,21.9,2,0,59,0,38,0,2,130,42,4.0,34,0,0,0,8,0
1216,LINCOLN,2017,COUNTY TOTAL,10700.0,277,25.9,69,6.4,0.0,0,4,63,0,1,0,1,180,16.8,0,0,46,0,33,0,0,101,28,2.6,18,0,0,0,10,0
1217,LINCOLN,2018,COUNTY TOTAL,9905.0,268,27.1,69,7.0,0.0,0,6,60,0,0,0,3,182,18.4,0,0,30,0,32,1,1,118,17,1.7,13,0,0,0,4,0
1218,LINCOLN,2019,COUNTY TOTAL,10050.0,268,26.7,100,10.0,0.0,0,5,87,2,2,0,4,146,14.5,5,0,27,0,41,0,0,73,22,2.2,17,0,0,0,5,0
1219,LINCOLN,2020,COUNTY TOTAL,10965.0,289,26.4,78,7.1,0.0,0,7,67,3,1,0,0,181,16.5,7,0,39,1,35,0,0,99,30,2.7,24,0,1,0,5,0
1249,MASON,2012,COUNTY TOTAL,61450.0,4692,76.4,671,10.9,6.0,0,84,440,1,11,0,129,3574,58.2,12,0,909,64,584,0,22,1983,447,7.3,285,0,0,0,162,0
1250,MASON,2013,COUNTY TOTAL,61800.0,3925,63.5,535,8.7,3.0,0,53,367,3,12,0,97,2993,48.4,3,0,692,53,628,0,21,1596,397,6.4,203,0,5,0,189,0
1251,MASON,2014,COUNTY TOTAL,62000.0,3866,62.4,613,9.9,2.0,3,62,420,4,13,0,109,2871,46.3,9,0,677,47,484,0,20,1634,382,6.2,252,0,3,0,127,0
1252,MASON,2015,COUNTY TOTAL,62200.0,3575,57.5,613,9.9,3.0,1,45,449,0,10,0,105,2562,41.2,11,0,568,33,389,0,20,1541,400,6.4,238,0,3,0,159,0
1253,MASON,2016,COUNTY TOTAL,62320.0,3192,51.2,562,9.0,5.0,1,70,358,3,16,0,109,2248,36.1,4,0,420,57,334,1,14,1418,382,6.1,237,0,4,1,140,0
1254,MASON,2017,COUNTY TOTAL,63190.0,3093,48.9,593,9.4,6.0,0,75,392,2,8,0,110,2217,35.1,2,0,589,43,342,0,15,1226,283,4.5,170,0,1,0,112,0
1255,MASON,2018,COUNTY TOTAL,64020.0,3572,55.8,805,12.6,4.0,0,97,497,2,15,0,190,2315,36.2,8,0,484,76,334,0,16,1397,452,7.1,371,0,0,0,81,0
1256,MASON,2019,COUNTY TOTAL,64980.0,3367,51.8,702,10.8,0.0,0,88,441,1,19,0,153,2241,34.5,4,1,413,49,319,1,17,1437,424,6.5,361,0,4,0,59,0
1257,MASON,2020,COUNTY TOTAL,65650.0,3094,47.1,650,9.9,3.0,0,75,391,6,20,0,155,2116,32.2,5,0,390,29,343,2,17,1330,328,5.0,261,0,2,0,65,0
1285,OKANOGAN,2012,COUNTY TOTAL,41420.0,1782,43.0,466,11.3,0.0,0,13,438,2,0,0,13,1150,27.8,5,0,261,5,288,0,5,586,166,4.0,148,0,1,0,17,0
1286,OKANOGAN,2013,COUNTY TOTAL,41567.0,1802,43.4,382,9.2,5.0,0,15,345,1,1,0,15,1291,31.1,4,0,281,16,275,0,9,706,129,3.1,92,0,0,0,37,0
1287,OKANOGAN,2014,COUNTY TOTAL,41650.0,1667,40.0,324,7.8,1.0,0,12,292,2,2,0,15,1230,29.5,2,0,301,10,271,0,6,640,113,2.7,95,0,1,0,17,0
1288,OKANOGAN,2015,COUNTY TOTAL,41800.0,1478,35.4,310,7.4,1.0,0,15,284,0,0,0,10,1053,25.2,2,0,246,2,213,0,3,587,115,2.8,103,0,1,0,11,0
1289,OKANOGAN,2016,COUNTY TOTAL,41670.0,1285,30.8,330,7.9,0.0,0,11,308,1,2,0,8,831,19.9,4,0,189,4,164,0,10,460,124,3.0,110,0,0,0,14,0
1290,OKANOGAN,2017,COUNTY TOTAL,42051.0,960,22.8,274,6.5,1.0,0,7,246,1,3,0,16,602,14.3,2,0,139,5,141,0,3,312,84,2.0,69,0,0,0,15,0
1291,OKANOGAN,2018,COUNTY TOTAL,36385.0,651,17.9,183,5.0,1.0,0,3,166,0,0,0,13,389,10.7,0,0,91,6,77,0,0,215,79,2.2,69,0,0,1,9,0
1292,OKANOGAN,2019,COUNTY TOTAL,37730.0,649,17.2,187,5.0,2.0,0,13,162,0,2,0,8,366,9.7,3,0,79,6,89,1,0,188,96,2.5,77,0,0,0,19,0
1293,OKANOGAN,2020,COUNTY TOTAL,43070.0,1153,26.8,249,5.8,3.0,0,10,223,0,9,0,4,792,18.4,1,0,105,11,180,3,5,487,112,2.6,74,0,2,1,35,0
1352,PACIFIC,2012,COUNTY TOTAL,20972.0,814,38.8,185,8.8,0.0,0,9,156,2,0,0,18,557,26.6,0,0,179,8,96,0,1,273,72,3.4,59,0,2,1,10,0
1353,PACIFIC,2013,COUNTY TOTAL,21000.0,948,45.1,256,12.2,0.0,0,18,217,1,0,0,20,550,26.2,2,0,185,5,79,0,1,278,142,6.8,107,0,2,0,33,0
1354,PACIFIC,2014,COUNTY TOTAL,21100.0,839,39.8,250,11.8,0.0,0,17,210,4,1,0,18,471,22.3,1,0,154,5,29,0,1,281,118,5.6,107,0,0,0,11,0
1355,PACIFIC,2015,COUNTY TOTAL,21210.0,660,31.1,211,9.9,0.0,0,14,187,0,0,0,10,376,17.7,1,0,124,7,25,0,2,217,73,3.4,64,0,0,0,9,0
1356,PACIFIC,2016,COUNTY TOTAL,21180.0,612,28.9,197,9.3,1.0,0,10,175,1,1,0,9,335,15.8,0,0,89,7,22,0,1,216,80,3.8,63,0,1,0,16,0
1357,PACIFIC,2017,COUNTY TOTAL,21250.0,558,26.3,154,7.2,0.0,0,9,133,2,0,0,10,319,15.0,1,0,104,8,21,0,0,185,85,4.0,75,0,2,0,8,0
1358,PACIFIC,2018,COUNTY TOTAL,21422.0,503,23.5,155,7.2,0.0,0,11,135,0,1,0,8,281,13.1,2,0,74,16,17,0,3,169,67,3.1,62,0,1,0,4,0
1359,PACIFIC,2019,COUNTY TOTAL,21640.0,468,21.6,139,6.4,0.0,0,7,126,0,0,0,6,247,11.4,1,0,74,2,32,0,2,136,82,3.8,76,0,0,0,6,0
1360,PACIFIC,2020,COUNTY TOTAL,21840.0,450,20.6,144,6.6,0.0,0,9,122,3,0,0,10,233,10.7,0,0,75,7,24,0,1,126,73,3.3,70,0,1,0,2,0
1406,PEND OREILLE,2012,COUNTY TOTAL,12925.0,1017,78.7,302,23.4,3.0,0,9,224,0,1,0,65,626,48.4,0,0,142,2,129,0,1,352,89,6.9,66,0,0,0,23,0
1407,PEND OREILLE,2013,COUNTY TOTAL,13150.0,1073,81.6,299,22.7,1.0,1,8,218,0,0,0,71,660,50.2,2,0,142,2,149,0,0,365,114,8.7,81,0,3,0,30,0
1408,PEND OREILLE,2014,COUNTY TOTAL,13210.0,885,67.0,269,20.4,0.0,0,14,203,0,1,0,51,509,38.5,2,0,135,0,87,0,1,284,107,8.1,81,0,1,0,25,0
1409,PEND OREILLE,2015,COUNTY TOTAL,13240.0,732,55.3,234,17.7,0.0,0,15,188,0,0,0,31,412,31.1,1,0,108,0,76,0,1,226,86,6.5,63,0,2,0,21,0
1410,PEND OREILLE,2016,COUNTY TOTAL,13290.0,667,50.2,219,16.5,0.0,0,14,174,1,1,0,29,336,25.3,2,0,72,1,36,0,1,224,112,8.4,82,0,0,0,30,0
1411,PEND OREILLE,2017,COUNTY TOTAL,13370.0,606,45.3,190,14.2,0.0,0,13,147,3,0,0,27,354,26.5,3,0,84,3,56,0,0,208,62,4.6,50,0,0,0,12,0
1412,PEND OREILLE,2018,COUNTY TOTAL,13540.0,458,33.8,156,11.5,1.0,0,18,100,0,0,0,37,240,17.7,0,0,68,1,37,0,0,134,62,4.6,48,0,2,0,12,0
1413,PEND OREILLE,2019,COUNTY TOTAL,13740.0,504,36.7,168,12.2,0.0,1,13,121,0,1,0,32,285,20.7,0,0,38,3,62,0,1,181,51,3.7,37,0,2,0,12,0
1414,PEND OREILLE,2020,COUNTY TOTAL,13850.0,512,37.0,203,14.7,2.0,0,21,133,0,3,0,44,267,19.3,0,0,42,2,41,0,0,182,42,3.0,15,0,1,0,26,0
1443,PIERCE,2012,COUNTY TOTAL,779429.0,70493,90.4,13299,17.1,35.0,2,753,9853,94,194,0,2368,53278,68.4,164,1,8721,796,12915,33,886,29762,3916,5.0,3035,0,46,208,627,0
1444,PIERCE,2013,COUNTY TOTAL,806513.0,70552,87.5,13267,16.4,24.0,1,749,10022,84,180,0,2207,53478,66.3,202,0,7974,794,12637,45,908,30918,3807,4.7,2773,0,57,178,799,0
1445,PIERCE,2014,COUNTY TOTAL,812855.0,68336,84.1,13203,16.2,30.0,2,794,9877,85,170,0,2245,51110,62.9,162,0,8382,800,10841,53,981,29891,4023,4.9,3042,0,66,149,766,0
1446,PIERCE,2015,COUNTY TOTAL,821688.0,68571,83.5,13469,16.4,34.0,1,854,10075,80,153,0,2272,50923,62.0,164,2,7276,756,11458,58,918,30291,4179,5.1,3190,0,61,164,764,0
1447,PIERCE,2016,COUNTY TOTAL,835813.0,71961,86.1,13778,16.5,29.0,0,893,10205,79,161,0,2411,54129,64.8,174,2,6903,845,12452,53,1008,32692,4054,4.9,3145,0,83,114,712,0
1448,PIERCE,2017,COUNTY TOTAL,850828.0,67063,78.8,13240,15.6,23.0,1,965,9690,70,143,0,2348,49930,58.7,163,1,5900,775,11754,100,833,30404,3893,4.6,3000,0,114,107,672,0
1449,PIERCE,2018,COUNTY TOTAL,863452.0,66402,76.9,13653,15.8,48.0,0,1009,9921,77,154,0,2444,48292,55.9,195,0,5400,761,11850,124,931,29031,4457,5.2,3522,0,106,85,744,0
1450,PIERCE,2019,COUNTY TOTAL,879553.0,65443,74.4,14172,16.1,30.0,2,1031,10351,51,169,0,2538,46723,53.1,200,1,5099,712,12255,105,883,27468,4548,5.2,3575,0,147,83,743,0
1451,PIERCE,2020,COUNTY TOTAL,892285.0,67428,75.6,13333,14.9,54.0,2,751,9526,42,208,12,2738,50863,57.0,252,0,5371,406,12055,151,831,31797,3232,3.6,2344,0,140,36,709,3
1603,SAN JUAN,2012,COUNTY TOTAL,15925.0,390,24.5,77,4.8,0.0,0,6,51,0,0,0,20,294,18.5,0,0,70,1,63,0,0,160,19,1.2,19,0,0,0,0,0
1604,SAN JUAN,2013,COUNTY TOTAL,16000.0,363,22.7,86,5.4,0.0,0,5,65,1,1,0,14,266,16.6,2,0,69,0,32,0,2,161,11,0.7,11,0,0,0,0,0
1605,SAN JUAN,2014,COUNTY TOTAL,16100.0,276,17.1,60,3.7,0.0,0,3,49,1,1,0,6,205,12.7,1,0,39,0,26,0,0,139,11,0.7,9,0,1,0,1,0
1606,SAN JUAN,2015,COUNTY TOTAL,16180.0,359,22.2,74,4.6,0.0,0,3,62,2,0,0,7,274,16.9,1,0,53,1,28,0,0,191,11,0.7,7,0,1,0,3,0
1607,SAN JUAN,2016,COUNTY TOTAL,16320.0,331,20.3,94,5.8,1.0,0,8,66,1,0,0,18,221,13.5,3,0,36,1,8,0,1,172,16,1.0,13,0,2,0,1,0
1608,SAN JUAN,2017,COUNTY TOTAL,16510.0,322,19.5,94,5.7,0.0,0,10,67,1,1,0,15,209,12.7,1,0,29,4,14,0,0,161,19,1.2,16,0,2,0,1,0
1609,SAN JUAN,2018,COUNTY TOTAL,16810.0,88,5.2,41,2.4,1.0,0,3,31,1,0,0,5,41,2.4,0,0,10,1,1,0,0,29,6,0.4,6,0,0,0,0,0
1610,SAN JUAN,2019,COUNTY TOTAL,17150.0,229,13.4,53,3.1,0.0,0,1,40,0,0,0,12,153,8.9,0,0,21,6,16,1,0,109,23,1.3,21,0,0,0,1,1
1611,SAN JUAN,2020,COUNTY TOTAL,17340.0,312,18.0,92,5.3,0.0,0,1,69,0,0,0,22,185,10.7,0,0,10,0,46,0,1,128,35,2.0,33,0,0,0,2,0
1639,SKAGIT,2012,COUNTY TOTAL,117950.0,10859,92.1,2122,18.0,2.0,0,79,1582,7,9,0,443,7392,62.7,29,0,1257,57,1796,3,47,4203,1345,11.4,1173,0,10,7,155,0
1640,SKAGIT,2013,COUNTY TOTAL,118600.0,10543,88.9,1959,16.5,5.0,2,66,1464,6,16,0,400,7453,62.8,27,2,1143,111,1590,1,64,4515,1131,9.5,961,0,5,4,161,0
1641,SKAGIT,2014,COUNTY TOTAL,119500.0,9433,78.9,1820,15.2,3.0,0,100,1334,4,17,0,362,6501,54.4,20,0,982,59,1425,1,36,3978,1112,9.3,958,0,11,1,142,0
1642,SKAGIT,2015,COUNTY TOTAL,120788.0,10678,88.4,1842,15.2,3.0,0,65,1364,6,20,0,384,7448,61.7,16,0,964,95,2030,4,50,4289,1388,11.5,1165,0,5,0,218,0
1643,SKAGIT,2016,COUNTY TOTAL,122270.0,10336,84.5,1830,15.0,6.0,0,59,1325,3,16,0,421,6742,55.1,8,0,858,122,1653,5,55,4041,1764,14.4,1527,0,7,0,230,0
1644,SKAGIT,2017,COUNTY TOTAL,124100.0,9919,79.9,1789,14.4,10.0,0,68,1251,2,12,0,446,6359,51.2,26,0,786,109,1676,2,49,3711,1771,14.3,1476,0,16,2,243,34
1645,SKAGIT,2018,COUNTY TOTAL,126520.0,9009,71.2,1696,13.4,4.0,0,55,1202,0,8,0,427,5579,44.1,13,0,701,65,1394,4,47,3355,1734,13.7,1501,1,5,0,222,5
1646,SKAGIT,2019,COUNTY TOTAL,129200.0,8498,65.8,1717,13.3,2.0,0,65,1228,0,2,0,420,5198,40.2,10,1,585,75,1216,1,43,3267,1583,12.3,1393,0,2,5,176,7
1647,SKAGIT,2020,COUNTY TOTAL,130450.0,7968,61.1,1632,12.5,2.0,0,35,1105,2,11,0,477,5118,39.2,7,0,522,52,1211,2,36,3288,1218,9.3,1029,0,9,1,177,2
1690,SKAMANIA,2012,COUNTY TOTAL,11275.0,367,32.5,139,12.3,0.0,0,17,111,0,1,0,10,176,15.6,0,0,37,2,52,0,0,85,52,4.6,45,0,0,0,7,0
1691,SKAMANIA,2013,COUNTY TOTAL,11300.0,306,27.1,133,11.8,0.0,0,10,103,0,2,0,18,148,13.1,0,0,27,3,37,0,0,81,25,2.2,23,0,0,0,2,0
1692,SKAMANIA,2014,COUNTY TOTAL,11370.0,283,24.9,108,9.5,0.0,1,5,86,0,1,0,15,149,13.1,1,0,26,2,26,0,3,91,26,2.3,19,0,1,0,6,0
1693,SKAMANIA,2015,COUNTY TOTAL,11430.0,258,22.6,82,7.2,0.0,0,12,57,0,1,0,12,163,14.3,1,0,34,6,17,0,0,105,13,1.1,8,0,0,0,5,0
1694,SKAMANIA,2016,COUNTY TOTAL,11500.0,187,16.3,80,7.0,0.0,0,4,62,0,1,0,13,92,8.0,0,0,21,1,17,0,0,53,15,1.3,12,0,0,1,2,0
1695,SKAMANIA,2017,COUNTY TOTAL,11690.0,149,12.7,82,7.0,2.0,0,7,60,0,0,0,13,53,4.5,0,0,6,1,9,1,0,36,14,1.2,11,0,0,0,3,0
1696,SKAMANIA,2018,COUNTY TOTAL,11890.0,262,22.0,101,8.5,0.0,0,7,82,1,2,0,9,151,12.7,0,0,29,5,32,0,0,85,10,0.8,10,0,0,0,0,0
1697,SKAMANIA,2019,COUNTY TOTAL,12060.0,337,27.9,115,9.5,1.0,0,21,75,0,1,0,17,206,17.1,2,0,35,4,46,1,0,118,16,1.3,13,0,0,0,3,0
1698,SKAMANIA,2020,COUNTY TOTAL,12220.0,315,25.8,90,7.4,0.0,0,6,70,0,1,0,13,212,17.3,1,0,45,27,37,0,0,102,13,1.1,10,0,0,0,3,0
1723,SNOHOMISH,2012,COUNTY TOTAL,72610.0,3942,54.3,691,9.5,3.0,1,40,572,12,5,0,58,2753,37.9,21,1,441,80,496,0,38,1676,498,6.9,464,0,5,0,29,0
1724,SNOHOMISH,2013,COUNTY TOTAL,102065.0,5450,53.4,979,9.6,3.0,1,56,807,5,11,0,96,4001,39.2,14,0,552,106,653,3,53,2620,470,4.6,416,0,6,0,48,0
1725,SNOHOMISH,2014,COUNTY TOTAL,103065.0,6214,60.3,1014,9.8,1.0,0,71,805,6,6,0,125,4630,44.9,15,0,511,87,579,1,46,3391,570,5.5,520,0,5,0,45,0
1726,SNOHOMISH,2015,COUNTY TOTAL,743814.0,12432,16.7,2151,2.9,5.0,1,112,1668,16,22,0,327,9153,12.3,24,0,1102,253,1362,6,111,6295,1128,1.5,1007,0,15,4,102,0
1727,SNOHOMISH,2016,COUNTY TOTAL,755472.0,46965,62.2,8168,10.8,14.0,1,461,6180,33,84,0,1395,33434,44.3,97,1,4208,915,5977,21,395,21820,5363,7.1,4788,0,49,36,490,0
1728,SNOHOMISH,2017,COUNTY TOTAL,771890.0,45329,58.7,8007,10.4,18.0,0,449,5983,52,81,0,1424,31462,40.8,95,1,3749,836,5384,31,395,20971,5860,7.6,5227,0,31,24,540,38
1729,SNOHOMISH,2018,COUNTY TOTAL,787323.0,41205,52.3,8046,10.2,14.0,0,487,5948,21,121,0,1455,27242,34.6,79,3,2928,765,4929,39,358,18141,5917,7.5,5334,0,55,28,476,24
1730,SNOHOMISH,2019,COUNTY TOTAL,800928.0,39594,49.4,7455,9.3,11.0,2,363,5634,31,89,1,1324,25958,32.4,67,0,2484,605,4808,25,306,17663,6181,7.7,5566,0,47,38,504,26
1731,SNOHOMISH,2020,COUNTY TOTAL,811830.0,41679,51.3,7392,9.1,12.0,4,311,5360,31,83,1,1590,28714,35.4,81,1,2555,474,5168,41,352,20042,5573,6.9,4985,0,43,55,460,30
1863,SPOKANE,2012,COUNTY TOTAL,26500.0,1663,62.8,392,14.8,0.0,0,13,339,0,0,0,40,1169,44.1,2,0,182,16,190,2,18,759,102,3.8,95,0,1,0,6,0
1864,SPOKANE,2013,COUNTY TOTAL,27195.0,1591,58.5,392,14.4,1.0,0,8,342,0,1,0,40,1116,41.0,1,0,171,14,221,0,13,696,83,3.1,73,0,1,5,4,0
1865,SPOKANE,2014,COUNTY TOTAL,27955.0,1633,58.4,436,15.6,0.0,0,19,369,0,3,0,45,1108,39.6,1,0,144,5,220,0,12,726,89,3.2,72,0,0,10,7,0
1866,SPOKANE,2015,COUNTY TOTAL,28800.0,1732,60.1,431,15.0,0.0,0,29,355,1,2,0,44,1167,40.5,1,1,165,15,219,2,12,752,134,4.7,126,0,2,0,6,0
1867,SPOKANE,2016,COUNTY TOTAL,493387.0,19324,39.2,4904,9.9,7.0,0,293,3806,11,292,0,495,13811,28.0,13,0,1650,229,3111,16,105,8687,609,1.2,493,0,13,4,99,0
1868,SPOKANE,2017,COUNTY TOTAL,499800.0,56499,113.0,13069,26.1,13.0,1,538,10629,26,297,11,1554,41144,82.3,61,0,3829,920,9620,46,282,26386,2286,4.6,1913,0,56,17,276,24
1869,SPOKANE,2018,COUNTY TOTAL,507950.0,58630,115.4,13157,25.9,12.0,2,840,10383,18,206,7,1689,42161,83.0,58,0,3531,1107,9560,79,383,27443,3312,6.5,2829,0,71,30,369,13
1870,SPOKANE,2019,COUNTY TOTAL,515250.0,52761,102.4,11752,22.8,12.0,3,550,9072,31,191,10,1883,37653,73.1,64,1,3139,883,8647,97,438,24384,3356,6.5,2819,0,60,33,426,18
1871,SPOKANE,2020,COUNTY TOTAL,522600.0,52914,101.3,10992,21.0,26.0,4,414,8523,19,198,26,1782,39290,75.2,132,2,3428,525,8894,95,392,25822,2632,5.0,2054,0,70,30,469,9
1923,STEVENS,2012,COUNTY TOTAL,43700.0,1962,44.9,612,14.0,0.0,0,35,443,0,8,0,126,1225,28.0,1,0,304,8,247,0,1,664,125,2.9,100,0,2,0,23,0
1924,STEVENS,2013,COUNTY TOTAL,43800.0,1720,39.3,606,13.8,2.0,0,44,428,0,4,0,128,1043,23.8,2,0,277,8,172,0,6,578,71,1.6,58,0,2,0,11,0
1925,STEVENS,2014,COUNTY TOTAL,43911.0,1865,42.5,612,13.9,1.0,0,46,408,0,8,0,149,1178,26.8,1,0,297,5,251,0,0,624,75,1.7,59,0,1,0,15,0
1926,STEVENS,2015,COUNTY TOTAL,43731.0,1828,41.8,647,14.8,4.0,0,50,438,0,3,0,152,1105,25.3,0,0,311,7,219,0,7,561,76,1.7,62,0,1,0,13,0
1927,STEVENS,2016,COUNTY TOTAL,43807.0,1579,36.0,502,11.5,1.0,0,32,358,0,5,0,106,1002,22.9,2,0,295,11,212,0,3,479,75,1.7,52,0,3,0,20,0
1928,STEVENS,2017,COUNTY TOTAL,44197.0,1447,32.7,512,11.6,0.0,0,14,385,0,7,0,106,854,19.3,2,0,200,3,180,0,2,467,81,1.8,62,0,3,0,16,0
1929,STEVENS,2018,COUNTY TOTAL,44715.0,1127,25.2,491,11.0,1.0,0,20,358,0,7,0,105,570,12.7,3,0,119,6,163,0,1,278,66,1.5,52,0,1,0,13,0
1930,STEVENS,2019,COUNTY TOTAL,45570.0,1273,27.9,459,10.1,1.0,1,35,316,0,2,0,104,743,16.3,2,0,154,4,198,1,3,381,71,1.6,53,0,1,0,16,1
1931,STEVENS,2020,COUNTY TOTAL,45929.0,1313,28.6,527,11.5,2.0,0,20,368,0,4,0,133,713,15.5,2,0,138,10,193,1,4,365,73,1.6,50,0,4,0,18,1
1971,THURSTON,2012,COUNTY TOTAL,140700.0,6205,44.1,1115,7.9,1.0,0,98,759,7,27,0,223,4716,33.5,22,0,1227,84,643,4,27,2709,374,2.7,334,0,6,0,34,0
1972,THURSTON,2013,COUNTY TOTAL,141500.0,5488,38.8,1220,8.6,5.0,0,83,860,17,21,0,234,4049,28.6,12,0,1145,65,632,2,33,2160,219,1.5,182,0,7,0,30,0
1973,THURSTON,2014,COUNTY TOTAL,264602.0,14868,56.2,3035,11.5,3.0,1,199,2140,23,82,0,587,10978,41.5,31,0,1878,228,1917,5,116,6803,855,3.2,714,1,16,14,110,0
1974,THURSTON,2015,COUNTY TOTAL,267603.0,15941,59.6,3225,12.1,3.0,0,217,2232,10,73,0,690,11879,44.4,38,0,1765,314,2053,7,118,7584,837,3.1,709,0,15,2,111,0
1975,THURSTON,2016,COUNTY TOTAL,270352.0,16366,60.5,3221,11.9,6.0,0,176,2216,11,63,0,749,12170,45.0,20,0,1604,462,2138,5,109,7832,975,3.6,824,0,21,1,129,0
1976,THURSTON,2017,COUNTY TOTAL,276902.0,15497,56.0,3476,12.6,8.0,0,235,2377,22,65,0,769,11107,40.1,26,0,1561,424,1929,12,131,7024,914,3.3,747,0,28,2,136,1
1977,THURSTON,2018,COUNTY TOTAL,281726.0,14769,52.4,3636,12.9,8.0,0,251,2515,14,75,0,773,10069,35.7,36,0,1447,317,1955,6,102,6206,1064,3.8,885,0,36,1,131,11
1978,THURSTON,2019,COUNTY TOTAL,285800.0,14259,49.9,3489,12.2,5.0,1,249,2425,15,56,0,738,9618,33.7,29,2,1218,309,1708,6,130,6216,1152,4.0,943,0,53,6,142,8
1979,THURSTON,2020,COUNTY TOTAL,291000.0,14131,48.6,3340,11.5,3.0,0,221,2309,17,66,0,724,10097,34.7,30,0,1093,349,1910,18,130,6567,694,2.4,554,0,34,0,93,13
2037,WAHKIAKUM,2012,COUNTY TOTAL,4025.0,61,15.2,29,7.2,0.0,0,2,21,1,0,0,5,24,6.0,0,0,7,0,3,0,0,14,8,2.0,7,0,0,0,1,0
2038,WAHKIAKUM,2013,COUNTY TOTAL,4020.0,78,19.4,31,7.7,0.0,0,5,25,1,0,0,0,35,8.7,0,0,9,0,7,0,0,19,12,3.0,12,0,0,0,0,0
2039,WAHKIAKUM,2014,COUNTY TOTAL,4010.0,112,27.9,47,11.7,0.0,0,0,36,0,1,0,10,53,13.2,0,0,15,1,10,0,0,27,12,3.0,7,0,1,0,4,0
2040,WAHKIAKUM,2015,COUNTY TOTAL,3980.0,142,35.7,55,13.8,0.0,0,2,43,0,0,0,10,81,20.4,0,0,23,3,16,0,0,39,6,1.5,5,0,0,0,1,0
2041,WAHKIAKUM,2016,COUNTY TOTAL,4000.0,137,34.3,67,16.8,0.0,0,2,55,2,0,0,8,68,17.0,0,0,14,0,15,0,0,39,2,0.5,2,0,0,0,0,0
2042,WAHKIAKUM,2017,COUNTY TOTAL,4030.0,195,48.4,76,18.9,0.0,0,1,62,0,0,0,13,97,24.1,0,0,12,1,29,0,0,55,22,5.5,18,0,2,0,1,1
2043,WAHKIAKUM,2018,COUNTY TOTAL,4100.0,144,35.1,61,14.9,0.0,0,3,49,0,0,0,9,73,17.8,0,0,13,0,13,0,0,47,10,2.4,9,0,1,0,0,0
2044,WAHKIAKUM,2019,COUNTY TOTAL,4190.0,99,23.6,41,9.8,0.0,0,3,28,2,0,0,8,47,11.2,0,0,9,1,10,1,0,26,11,2.6,8,0,1,0,0,2
2045,WAHKIAKUM,2020,COUNTY TOTAL,4210.0,110,26.1,43,10.2,0.0,0,3,35,0,0,0,5,60,14.3,2,0,7,2,18,0,0,31,7,1.7,6,0,1,0,0,0
2055,WALLA WALLA,2012,COUNTY TOTAL,27360.0,1354,49.5,262,9.6,1.0,0,15,206,1,2,0,37,953,34.8,4,0,176,4,174,2,4,589,139,5.1,123,0,2,0,14,0
2056,WALLA WALLA,2013,COUNTY TOTAL,59500.0,4163,70.0,696,11.7,0.0,0,33,531,3,19,0,110,3179,53.4,15,0,409,24,821,0,16,1894,288,4.8,255,0,3,0,30,0
2057,WALLA WALLA,2014,COUNTY TOTAL,60720.0,4274,70.4,738,12.2,2.0,0,40,591,4,12,0,89,3199,52.7,23,0,408,43,801,5,14,1905,337,5.6,288,0,8,0,41,0
2058,WALLA WALLA,2015,COUNTY TOTAL,60652.0,4259,70.2,804,13.3,4.0,0,61,577,9,12,0,141,3183,52.5,30,0,377,35,730,3,24,1984,272,4.5,225,0,8,1,38,0
2059,WALLA WALLA,2016,COUNTY TOTAL,61113.0,4387,71.8,856,14.0,2.0,0,54,560,5,20,0,215,3221,52.7,20,0,355,60,796,6,21,1963,310,5.1,251,0,12,0,47,0
2060,WALLA WALLA,2017,COUNTY TOTAL,61419.0,3791,61.7,886,14.4,1.0,0,67,625,1,12,0,180,2616,42.6,17,0,247,44,550,6,25,1727,289,4.7,230,0,8,1,47,3
2061,WALLA WALLA,2018,COUNTY TOTAL,61807.0,3872,62.6,827,13.4,1.0,0,57,599,5,6,0,159,2633,42.6,22,0,265,34,579,10,15,1708,412,6.7,345,0,6,0,56,5
2062,WALLA WALLA,2019,COUNTY TOTAL,62221.0,3784,60.8,829,13.3,3.0,0,55,543,2,11,0,215,2556,41.1,8,0,290,49,623,6,18,1562,399,6.4,333,0,10,1,49,6
2063,WALLA WALLA,2020,COUNTY TOTAL,62668.0,3413,54.5,665,10.6,1.0,0,61,421,0,18,0,164,2298,36.7,9,0,268,43,478,7,14,1479,450,7.2,375,0,11,2,57,5
2108,WHATCOM,2012,COUNTY TOTAL,115605.0,11155,96.5,1752,15.2,4.0,0,108,1345,9,34,0,252,8440,73.0,13,0,869,183,2110,1,56,5208,963,8.3,863,0,2,16,82,0
2109,WHATCOM,2013,COUNTY TOTAL,117605.0,10903,92.7,1656,14.1,2.0,0,117,1227,7,41,0,262,8478,72.1,11,0,862,240,1925,1,55,5384,769,6.5,658,0,7,32,72,0
2110,WHATCOM,2014,COUNTY TOTAL,207600.0,14629,70.5,2415,11.6,2.0,1,160,1718,9,46,0,479,11195,53.9,22,0,1410,320,2335,2,86,7020,1019,4.9,843,0,12,30,134,0
2111,WHATCOM,2015,COUNTY TOTAL,209790.0,13437,64.0,2390,11.4,6.0,1,160,1751,18,37,0,417,10165,48.5,16,0,1147,219,2161,4,63,6555,882,4.2,755,0,22,13,92,0
2112,WHATCOM,2016,COUNTY TOTAL,212554.0,14348,67.5,2470,11.6,4.0,0,200,1793,22,53,0,398,10902,51.3,32,1,1388,205,2259,3,69,6945,976,4.6,822,0,24,9,121,0
2113,WHATCOM,2017,COUNTY TOTAL,216300.0,13763,63.6,2515,11.6,4.0,0,181,1801,19,35,0,475,10079,46.6,25,1,1161,240,2178,10,96,6368,1169,5.4,1019,0,31,4,115,0
2114,WHATCOM,2018,COUNTY TOTAL,220350.0,12592,57.1,2503,11.4,2.0,0,150,1786,11,44,0,510,9122,41.4,23,0,971,233,2283,11,79,5522,967,4.4,829,0,22,9,105,2
2115,WHATCOM,2019,COUNTY TOTAL,225743.0,11441,50.7,2506,11.1,9.0,0,125,1799,11,41,0,521,8114,35.9,17,0,865,209,1720,13,84,5206,821,3.6,643,0,34,15,126,3
2116,WHATCOM,2020,COUNTY TOTAL,228000.0,14371,63.0,2317,10.2,7.0,0,121,1589,8,40,0,552,11390,50.0,36,3,1185,238,2213,28,95,7592,664,2.9,503,0,24,1,133,3
2177,WHITMAN,2012,COUNTY TOTAL,44805.0,2449,54.7,361,8.1,1.0,0,39,321,0,0,0,0,1505,33.6,7,0,172,10,462,0,6,848,583,13.0,535,0,0,1,47,0
2178,WHITMAN,2013,COUNTY TOTAL,44280.0,1905,43.0,352,7.9,0.0,0,25,320,5,2,0,0,1225,27.7,0,0,161,15,348,0,4,697,328,7.4,303,0,0,0,25,0
2179,WHITMAN,2014,COUNTY TOTAL,45740.0,2149,47.0,416,9.1,0.0,0,26,389,1,0,0,0,1360,29.7,6,0,189,13,369,3,3,777,373,8.2,337,0,3,0,33,0
2180,WHITMAN,2015,COUNTY TOTAL,43880.0,1771,40.4,423,9.6,1.0,1,26,395,0,0,0,0,1086,24.7,4,1,173,5,312,0,6,585,262,6.0,221,0,5,0,36,0
2181,WHITMAN,2016,COUNTY TOTAL,46755.0,1385,29.6,412,8.8,0.0,0,50,360,1,1,0,0,784,16.8,2,0,123,13,227,6,9,404,189,4.0,156,0,5,2,26,0
2182,WHITMAN,2017,COUNTY TOTAL,45790.0,1694,37.0,313,6.8,0.0,0,30,282,0,1,0,0,1189,26.0,3,0,115,8,369,22,1,671,192,4.2,163,0,5,1,20,3
2183,WHITMAN,2018,COUNTY TOTAL,46340.0,1506,32.5,383,8.3,1.0,0,41,304,3,0,0,34,916,19.8,5,0,88,9,265,4,5,540,207,4.5,175,0,3,6,22,1
2184,WHITMAN,2019,COUNTY TOTAL,46080.0,1323,28.7,340,7.4,0.0,0,28,256,1,0,0,55,811,17.6,2,0,74,7,263,9,5,451,172,3.7,146,0,5,1,19,1
2185,WHITMAN,2020,COUNTY TOTAL,46770.0,1292,27.6,301,6.4,0.0,0,21,228,1,2,0,49,777,16.6,2,0,86,7,218,9,3,452,214,4.6,166,0,7,0,40,1
2235,YAKIMA,2012,COUNTY TOTAL,159808.0,17393,108.8,3650,22.8,12.0,0,220,2677,15,23,0,703,12171,76.2,21,1,2129,72,2706,0,191,7051,1572,9.8,1298,0,4,11,259,0
2236,YAKIMA,2013,COUNTY TOTAL,247251.0,18600,75.2,4401,17.8,16.0,1,256,3174,16,24,0,914,12880,52.1,37,1,2238,47,3409,0,190,6958,1319,5.3,947,0,5,92,275,0
2237,YAKIMA,2014,COUNTY TOTAL,248905.0,17643,70.9,4368,17.5,7.0,0,289,3146,16,43,0,867,12261,49.3,53,0,2102,68,2863,0,152,7023,1014,4.1,742,1,6,5,260,0
2238,YAKIMA,2015,COUNTY TOTAL,250019.0,19178,76.7,5166,20.7,21.0,0,296,3530,13,66,0,1240,12943,51.8,48,0,2277,72,2842,9,193,7502,1069,4.3,754,0,17,7,291,0
2239,YAKIMA,2016,COUNTY TOTAL,250907.0,19713,78.6,5132,20.5,20.0,1,321,3686,11,56,0,1037,13439,53.6,50,0,2051,88,3098,8,188,7956,1142,4.6,785,0,28,5,324,0
2240,YAKIMA,2017,COUNTY TOTAL,253000.0,18838,74.5,5227,20.7,22.0,1,352,3608,15,58,1,1170,12349,48.8,28,1,1745,132,2799,5,205,7434,1262,5.0,842,0,34,4,382,0
2241,YAKIMA,2018,COUNTY TOTAL,249265.0,16859,67.6,4631,18.6,25.0,0,314,3152,11,47,0,1082,10874,43.6,39,0,1366,105,2663,8,158,6535,1354,5.4,924,0,40,3,387,0
2242,YAKIMA,2019,COUNTY TOTAL,244500.0,17018,69.6,4779,19.5,19.0,0,345,3338,10,83,0,984,11111,45.4,30,0,1224,206,2694,9,153,6795,1128,4.6,743,0,45,3,337,0
2243,YAKIMA,2020,COUNTY TOTAL,246660.0,17403,70.6,4809,19.5,22.0,1,298,3233,12,70,0,1173,11607,47.1,42,0,1453,82,2893,5,172,6960,987,4.0,600,0,57,6,324,0
